Title;Year;Age;Mark;Netflix;Prime_video;Date
The Irishman;2019;18;1.77;Y;N;26/10/2019
Dangal;2016;7;9.86;Y;N;29/11/2016
David Attenborough: A Life on Our Planet;2020;7;6.33;Y;N;26/12/2020
Lagaan: Once Upon a Time in India;2001;7;5.54;Y;N;14/10/2001
Roma;2018;18;7.4;Y;N;11/02/2018
To All the Boys I've Loved Before;2018;13;2.58;Y;N;25/05/2018
The Social Dilemma;2020;13;4.76;Y;N;15/02/2020
Okja;2017;13;4.4;Y;N;10/11/2017
The Ballad of Buster Scruggs;2018;16;5.79;Y;N;23/10/2018
The Trial of the Chicago 7;2020;18;7.06;Y;N;18/11/2020
Article 15;2019;18;8.33;Y;N;02/02/2019
Jim & Andy: The Great Beyond- Featuring a Very Special. Contractually Obligated Mention of Tony Clifton;2017;18;5.35;Y;N;30/05/2017
Dolemite Is My Name;2019;18;1.62;Y;N;26/06/2019
Mudbound;2017;18;1.6;Y;N;20/03/2017
Swades;2004;all;8.2;Y;N;17/08/2004
Fyre;2019;18;3.09;Y;N;12/10/2019
Miss Americana;2020;18;1.09;Y;N;09/01/2020
Virunga;2014;16;2.17;Y;N;05/09/2014
Black Friday;2004;18;0.99;Y;N;26/06/2004
Talvar;2015;7;6.03;Y;N;23/06/2015
The King;2019;18;4.25;Y;N;15/07/2019
John Mulaney: Kid Gorgeous at Radio City;2018;18;4.18;Y;N;07/02/2018
I Am Mother;2019;13;6.67;Y;N;08/01/2019
Tell Me Who I Am;2019;18;2.22;Y;N;11/07/2019
The Departed;2006;18;4.59;Y;N;05/03/2006
Winter on Fire: Ukraine's Fight for Freedom;2015;16;4.35;Y;N;29/07/2015
Terminator 2: Judgment Day;1991;18;9.89;Y;N;17/09/1991
I Lost My Body;2019;18;8.19;Y;N;01/01/2020
Django Unchained;2012;18;2.68;Y;N;18/11/2012
The Half of It;2020;13;0.81;Y;N;04/11/2020
The Boy Who Harnessed the Wind;2019;7;0.15;Y;N;01/01/2020
The Devil All the Time;2020;18;3.11;Y;N;01/03/2020
The Fundamentals of Caring;2016;18;3.65;Y;N;27/09/2016
Pieces of a Woman;2020;18;5.3;Y;N;21/12/2020
Gerald's Game;2017;18;7.74;Y;N;13/08/2017
On Body and Soul;2017;;7.54;Y;N;28/10/2017
Shutter Island;2010;18;4.07;Y;N;26/02/2010
Always Be My Maybe;2019;13;2.38;Y;N;07/02/2019
The Intouchables;2011;7;4.17;Y;N;17/10/2011
Bill Burr: Paper Tiger;2019;18;6.27;Y;N;29/09/2019
Special 26;2013;;2.25;Y;N;03/06/2013
Kiss the Ground;2020;18;3.01;Y;N;14/06/2020
Crip Camp: A Disability Revolution;2020;18;0.69;Y;N;23/05/2020
Extraction;2020;18;7.44;Y;N;19/10/2020
No Direction Home: Bob Dylan;2005;all;1.33;Y;N;14/11/2005
Kabhi Khushi Kabhie Gham;2001;all;9.14;Y;N;10/06/2001
His House;2020;16;7.56;Y;N;29/03/2020
Super Deluxe;2019;18;5.00;Y;N;29/03/2019
The Guernsey Literary & Potato Peel Pie Society;2018;16;8.26;Y;N;13/05/2018
A Secret Love;2020;18;1.59;Y;N;14/09/2020
The Night Comes for Us;2018;18;2.45;Y;N;23/03/2018
The Big Lebowski;1998;18;7.24;Y;N;30/10/1998
Pad Man;2018;13;2.52;Y;N;13/11/2018
American Factory;2019;13;3.05;Y;N;30/05/2019
Bird Box;2018;18;3.78;Y;N;23/10/2018
The Pianist;2002;18;8.68;Y;N;22/06/2002
3 Idiots;2009;13;3.26;Y;N;09/04/2009
The Distinguished Citizen;2016;;3.98;Y;N;07/08/2016
A Shaun the Sheep Movie: Farmageddon;2019;all;0.49;Y;N;26/01/2019
A Clockwork Orange;1971;18;6.36;Y;N;22/03/1971
What Happened to Monday;2017;18;9.62;Y;N;13/06/2017
Anthony Jeselnik: Thoughts and Prayers;2015;18;7.62;Y;N;29/05/2015
The White Helmets;2016;16;2.46;Y;N;23/12/2016
Invader ZIM: Enter the Florpus;2019;7;5.94;Y;N;21/03/2019
Happy as Lazzaro;2018;13;5.04;Y;N;18/09/2018
Chasing Coral;2017;;6.84;Y;N;10/04/2017
Kal Ho Naa Ho;2003;all;3.00;Y;N;02/04/2003
Pan's Labyrinth;2006;18;3.84;Y;N;09/12/2006
Team Foxcatcher;2016;16;5.92;Y;N;07/02/2016
The Meyerowitz Stories (New and Selected);2017;18;2.3;Y;N;26/01/2017
Casino Royale;2006;13;3.45;Y;N;15/02/2006
The Hateful Eight;2015;18;9.6;Y;N;08/12/2015
Rush;2013;18;2.9;Y;N;30/06/2013
Zombieland;2009;18;9.84;Y;N;29/03/2009
Eurovision Song Contest: The Story of Fire Saga;2020;13;0.97;Y;N;19/07/2020
Kapoor & Sons;2016;13;8.84;Y;N;11/02/2016
The Perfection;2018;18;6.83;Y;N;18/03/2018
Dave Chappelle: Sticks & Stones;2019;18;1.92;Y;N;16/08/2019
There Will Be Blood;2007;18;3.14;Y;N;27/06/2007
Million Dollar Baby;2004;13;9.45;Y;N;06/01/2004
The Social Network;2010;13;3.05;Y;N;13/07/2010
The Christmas Chronicles;2018;7;5.05;Y;N;08/04/2018
Monty Python and the Holy Grail;1975;7;1.15;Y;N;23/08/1975
The Pixar Story;2007;all;6.55;Y;N;17/12/2007
Ma Rainey's Black Bottom;2020;18;7.18;Y;N;22/12/2020
Calibre;2018;18;9.6;Y;N;25/11/2018
Silver Linings Playbook;2012;18;9.62;Y;N;02/02/2012
Over the Moon;2020;7;5.45;Y;N;03/01/2020
What Happened. Miss Simone?;2015;;4.19;Y;N;10/05/2015
Nightcrawler;2014;18;5.23;Y;N;01/07/2014
1922;2017;18;9.07;Y;N;22/07/2017
Paddleton;2019;18;6.49;Y;N;28/02/2019
Cargo;2017;;6.98;Y;N;27/11/2017
Rain Man;1988;18;6.87;Y;N;22/10/1988
Cuba and the Cameraman;2017;;0.12;Y;N;26/07/2017
The Ritual;2017;18;0.89;Y;N;08/09/2017
The Hater;2020;18;2.33;Y;N;06/04/2020
The Edge of Democracy;2019;16;9.39;Y;N;26/08/2019
22-jul;2018;18;4.65;Y;N;23/07/2018
Adam Sandler: 100% Fresh;2018;18;5.78;Y;N;23/06/2018
Guru;2007;13;5.62;Y;N;18/09/2007
A Twelve-Year Night;2018;18;9.06;Y;N;12/09/2018
Dumplin';2018;13;5.41;Y;N;08/05/2018
The Conjuring;2013;18;8.67;Y;N;13/10/2013
Marriage Story;2019;18;7.62;Y;N;16/10/2019
My Octopus Teacher;2020;all;1.94;Y;N;22/02/2020
About Time;2013;13;2.45;Y;N;21/12/2013
Hey Arnold! The Jungle Movie;2017;7;7.68;Y;N;19/11/2017
Kung Fu Panda;2008;7;4.23;Y;N;10/08/2008
Superbad;2007;18;8.00;Y;N;31/07/2007
The Invisible Guest;2016;18;4.03;Y;N;30/01/2016
Chinatown;1974;18;8.82;Y;N;14/08/1974
Mystic River;2003;18;4.17;Y;N;28/01/2003
The Theory of Everything;2014;13;4.11;Y;N;06/10/2014
Springsteen On Broadway;2018;;2.89;Y;N;03/04/2018
The Life Ahead;2020;13;0.65;Y;N;25/10/2020
The Terminal;2004;13;5.91;Y;Y;29/04/2004
Scott Pilgrim vs. the World;2010;13;4.04;Y;N;01/01/2011
Being Elmo: A Puppeteer's Journey;2011;7;0.55;Y;N;31/07/2011
Life of Brian;1979;18;1.69;Y;N;17/09/1979
The Resistance Banker;2018;18;7.25;Y;N;12/03/2018
How to Train Your Dragon 2;2014;7;4.55;Y;N;05/09/2014
The Endless Trench;2019;;4.38;Y;N;23/01/2019
Even the Rain;2010;;4.98;Y;N;24/04/2010
Love Actually;2003;18;3.8;Y;N;27/03/2003
Dear Ex;2018;18;8.4;Y;N;18/12/2018
Braven;2018;18;1.17;Y;N;28/09/2018
Period. End of Sentence.;2018;;1.62;Y;N;26/10/2018
Captain Fantastic;2016;18;2.25;Y;N;04/10/2016
Veronica;2017;18;6.43;Y;N;21/01/2017
The Siege of Jadotville;2016;;7.79;Y;N;24/10/2016
Into the Inferno;2016;;6.21;Y;N;11/09/2016
Ricky Gervais: Humanity;2018;18;5.93;Y;N;04/09/2018
A Whisker Away;2020;7;3.92;Y;N;07/06/2020
Lady Bird;2017;18;2.5;Y;N;07/04/2017
Road to Perdition;2002;18;2.26;Y;N;18/12/2002
Boogie Nights;1997;18;3.78;Y;N;30/01/1997
Total Recall;1990;16;1.93;Y;N;24/11/1990
Bo Burnham: Inside;2021;18;1.76;Y;N;18/02/2021
Snowpiercer;2013;18;5.87;Y;N;01/01/2013
Circus of Books;2019;;2.69;Y;N;12/01/2019
Tallulah;2016;;7.07;Y;N;24/02/2016
The Conjuring 2;2016;18;6.02;Y;N;05/10/2016
They'll Love Me When I'm Dead;2018;18;2.23;Y;N;27/05/2018
Nocturnal Animals;2016;18;1.42;Y;N;02/03/2016
Get Me Roger Stone;2017;16;9.09;Y;N;11/04/2017
Hachi: A Dog's Tale;2009;all;6.79;Y;N;06/02/2009
Dances with Wolves;1990;13;7.61;Y;N;31/10/1990
Udta Punjab;2016;18;0.49;Y;N;15/08/2016
Bareilly's Barfi;2017;;2.02;Y;N;29/08/2017
Divines;2016;;5.2;Y;N;07/12/2016
Maktub;2017;7;8.51;Y;N;19/06/2017
Ittefaq;2017;7;5.94;Y;N;30/09/2017
Hannah Gadsby: Nanette;2018;18;7.02;Y;N;13/05/2018
Ali Wong: Hard Knock Wife;2018;18;7.49;Y;N;07/04/2018
Seven Pounds;2008;13;7.01;Y;Y;05/05/2008
Uncut Gems;2019;18;5.13;Y;N;17/12/2019
The Kindergarten Teacher;2018;18;4.25;Y;N;02/09/2018
Les Mis√©rables;2012;13;4.32;Y;Y;26/12/2012
The Sky Is Pink;2019;;3.88;Y;N;03/12/2019
Next Gen;2018;7;7.97;Y;N;03/07/2018
Tom Segura: Disgraceful;2018;13;2.67;Y;N;04/02/2018
My Happy Family;2017;;7.61;Y;N;15/10/2017
The American Meme;2018;;6.47;Y;N;25/11/2018
Badla;2019;7;2.28;Y;N;26/12/2019
Okko's Inn;2018;7;6.73;Y;N;11/01/2018
The Willoughbys;2020;7;7.17;Y;N;11/10/2020
Hunt for the Wilderpeople;2016;13;5.88;Y;N;14/11/2016
Stardust;2007;13;5.82;Y;N;29/03/2007
Wheelman;2017;18;2.37;Y;N;30/09/2017
The Artist;2011;13;9.68;Y;N;01/09/2011
On My Skin;2018;18;1.62;Y;N;08/07/2018
Gaga: Five Foot Two;2017;18;4.12;Y;N;26/08/2017
Hugo;2011;7;4.01;Y;N;09/12/2011
The Impossible;2012;13;2.97;Y;N;06/05/2012
War Dogs;2016;18;6.00;Y;N;17/01/2016
Ip Man;2008;18;9.76;Y;N;20/09/2008
The Speed Cubers;2020;;3.31;Y;N;30/06/2020
Kung Fu Panda 2;2011;7;8.47;Y;N;14/02/2011
The Dirt;2019;18;1.85;Y;N;21/12/2019
Andhadhun;2018;;1.3;Y;N;04/04/2018
Atlantics;2019;13;8.16;Y;N;03/05/2019
37 Seconds;2019;;7.62;Y;N;28/10/2019
El Camino: A Breaking Bad Movie;2019;18;1.24;Y;N;13/01/2019
Underworld;2003;18;8.24;Y;Y;26/07/2003
The Ring;2002;13;0.32;Y;Y;27/01/2002
Hold the Dark;2018;;8.91;Y;N;10/06/2018
The Karate Kid;1984;7;7.02;Y;N;18/09/1984
Quincy;2018;18;2.73;Y;N;14/02/2018
The Patriot;2000;18;8.46;Y;N;25/04/2000
Get In;2019;18;8.09;Y;N;08/12/2019
ZZ Top: That Little Ol' Band From Texas;2019;;5.93;Y;N;02/11/2019
Jerry Before Seinfeld;2017;16;4.00;Y;N;18/01/2017
Mike Birbiglia: The New One;2019;;8.88;Y;N;14/02/2019
A Silent Voice: The Movie;2016;13;7.47;Y;N;04/07/2016
Klaus;2019;7;4.32;Y;N;26/12/2019
Snowden;2016;18;6.26;Y;N;18/08/2016
Nick Kroll & John Mulaney: Oh. Hello on Broadway;2017;18;3.48;Y;N;19/07/2017
What's Eating Gilbert Grape;1993;13;9.87;Y;N;10/11/1993
The Da Vinci Code;2006;13;0.33;Y;N;27/07/2006
Stranger Than Fiction;2006;13;2.79;Y;N;15/09/2006
Don 2;2011;;2.82;Y;N;16/01/2011
Elena;2013;;5.06;Y;N;02/03/2013
Real Steel;2011;13;9.78;Y;N;14/02/2011
The Founder;2017;13;5.32;Y;N;28/06/2017
Stargate;1994;13;8.7;Y;N;01/10/1994
Shirkers;2018;;0.69;Y;N;11/01/2018
Chef;2014;18;2.94;Y;N;27/06/2014
Fire in the Blood;2013;;5.26;Y;N;08/12/2013
Austin Powers: International Man of Mystery;1997;13;0.23;Y;N;11/02/1997
Miles Davis: Birth of the Cool;2019;;1.75;Y;N;13/11/2019
Insidious;2010;13;5.72;Y;N;04/08/2010
Screwball;2019;;6.12;Y;N;08/02/2019
The Old Guard;2020;18;3.05;Y;N;20/12/2020
Rango;2011;7;6.8;Y;N;01/01/2012
Before I Wake;2016;13;7.94;Y;N;13/11/2016
The Disaster Artist;2017;18;10.00;Y;N;16/02/2017
Fruitvale Station;2013;18;6.45;Y;N;10/02/2013
The Florida Project;2017;18;0.24;Y;N;14/09/2017
Behind the Curve;2018;16;1.01;Y;N;12/12/2018
Lawless;2012;18;5.63;Y;N;25/10/2012
Errementari: The Blacksmith and the Devil;2018;18;4.49;Y;N;23/03/2018
Audrie & Daisy;2016;;4.64;Y;N;16/08/2016
Quantum of Solace;2008;13;2.11;Y;N;24/01/2008
The Master;2012;18;9.53;Y;N;14/11/2012
Layer Cake;2004;18;3.69;Y;N;12/11/2004
Flipped;2010;7;4.91;Y;N;18/09/2010
Steve Martin and Martin Short: An Evening You Will Forget for the Rest of Your Life;2018;16;8.86;Y;N;29/08/2018
Friends with Benefits;2011;18;3.94;Y;N;19/04/2011
Tig;2015;;6.85;Y;N;25/11/2015
Roll Red Roll;2019;;9.57;Y;N;03/01/2019
Enola Holmes;2020;13;6.1;Y;N;06/01/2020
PK;2015;13;0.81;Y;N;28/07/2015
Good Time;2017;18;3.84;Y;N;19/02/2017
The Next Three Days;2010;13;5.08;Y;N;25/10/2010
Miracle in Cell No. 7;2019;16;8.25;Y;N;05/10/2019
Like Stars on Earth;2007;7;1.42;Y;N;05/07/2007
Trixie Mattel: Moving Parts;2019;;0.01;Y;N;24/05/2019
Talaash;2012;;1.72;Y;N;19/04/2012
Evelyn;2019;;5.98;Y;N;26/06/2019
I Am Sam;2001;13;8.3;Y;N;26/05/2001
In the Shadow of the Moon;2019;18;4.05;Y;N;15/02/2019
Neon Genesis Evangelion: The End of Evangelion;1997;18;0.49;Y;N;03/01/1997
Memoirs of a Geisha;2005;13;2.56;Y;N;14/05/2005
Mad Max;1979;18;6.54;Y;N;25/01/1979
John Leguizamo's Latin History for Morons;2018;7;1.42;Y;N;02/09/2018
And Breathe Normally;2018;16;5.72;Y;N;26/08/2018
The Killing of a Sacred Deer;2017;18;7.87;Y;N;13/07/2017
Angels & Demons;2009;13;3.57;Y;N;12/06/2009
Smoke & Mirrors;2016;;9.86;Y;N;21/04/2016
Bright;2017;18;2.77;Y;N;12/06/2017
Yes Man;2008;13;7.16;Y;N;24/02/2008
Murder Mystery;2019;13;5.52;Y;N;09/12/2019
Pink;2016;;2.7;Y;N;22/11/2016
The Photographer of Mauthausen;2018;18;7.3;Y;N;17/05/2018
Midnight Run;1988;18;7.88;Y;N;04/10/1988
Flavors of Youth;2018;13;3.81;Y;N;26/08/2018
13th;2016;18;5.93;Y;N;18/07/2016
Ravenous;2017;18;7.7;Y;N;12/06/2017
Austin Powers: The Spy Who Shagged Me;1999;13;6.23;Y;N;20/10/1999
The Life of David Gale;2003;18;2.65;Y;N;10/01/2003
Tramps;2016;;0.94;Y;N;07/04/2016
The Girl Next Door;2004;18;1.55;Y;N;10/07/2004
The Two Popes;2019;13;9.67;Y;N;17/06/2019
The Wandering Earth;2019;13;4.09;Y;N;06/01/2019
Just Another Love Story;2007;;8.42;Y;N;09/04/2007
Eye for an Eye;2019;18;2.04;Y;N;07/11/2019
Patton Oswalt: Annihilation;2017;;1.16;Y;N;09/12/2017
Joan Didion: The Center Will Not Hold;2017;;0.94;Y;N;30/07/2017
Steve Jobs;2015;18;0.38;Y;N;07/06/2015
White Fang;2018;7;0.17;Y;N;27/05/2018
A Monster Calls;2016;13;0.09;Y;N;24/02/2016
Olympus Has Fallen;2013;18;9.2;Y;N;25/08/2013
Talladega Nights: The Ballad of Ricky Bobby;2006;13;3.17;Y;N;10/11/2006
The Time Traveler's Wife;2009;13;3.33;Y;N;02/12/2009
State of Play;2009;13;5.08;Y;N;15/10/2009
The Outlaw Josey Wales;1976;7;1.69;Y;N;31/08/1976
The Bank Job;2008;18;8.84;Y;N;01/03/2008
Miss Sloane;2016;18;6.11;Y;N;21/08/2016
Unknown;2011;13;9.16;Y;N;15/11/2011
6 Underground;2019;18;7.8;Y;N;15/05/2019
Uncorked;2020;13;0.28;Y;N;26/12/2020
Petta;2019;;0.82;Y;N;31/05/2019
Justin Timberlake  The Tennessee Kids;2016;;0.36;Y;N;13/10/2016
My Fair Lady;1964;all;3.34;Y;N;29/01/1964
Bikram: Yogi. Guru. Predator;2019;18;0.6;Y;N;20/05/2019
A Futile and Stupid Gesture;2018;18;0.8;Y;N;16/03/2018
The Dig;2021;13;5.94;Y;N;24/10/2021
Legally Blonde;2001;13;8.21;Y;N;25/03/2001
Legend;2015;18;0.1;Y;N;27/05/2015
Notes on Blindness;2016;;9.83;Y;N;27/07/2016
When We First Met;2018;16;9.27;Y;N;31/07/2018
Best Worst Thing That Ever Could Have Happened...;2016;;4.83;Y;N;07/12/2016
Imperial Dreams;2014;;0.43;Y;N;11/03/2014
Black Mirror: Bandersnatch;2018;18;5.21;Y;N;15/10/2018
Queen;2013;13;4.81;Y;N;21/12/2013
Joshua: Teenager vs. Superpower;2017;16;2.67;Y;N;11/07/2017
Air Force One;1997;18;6.37;Y;N;20/11/1997
Shot Caller;2017;18;7.36;N;Y;25/06/2017
